regime,matches,pattern
0,0,%af% wou%edl%
0,0,%y qui%manen%e %
0,0,% run%accou%usly i%
0,0,%usly %ts se%, ex%
0,0,%s c%rts c%o %
0,0,%ans x-r%the q%
0,0,%usl%ven%nes h%
0,0,%ckages.%s. de%
0,0,%idea%al req%e p%
0,0,%d abov%s. f%eep f%
0,0,%bt %eas. fl%
0,0,%om% excu%rat%
0,0,%deas ar%p e%qu%
0,0,%sily p%e%nal fr%
0,0,%y above%usly %ronic t%
0,0,%ix. sly%eas%
0,0,%to ar%ar t% %
0,0,%f%s engag%o caj%
0,0,%ng t%ess p%ully u%
0,0,%fily c%the f%
0,0,%s x-%y r%lo%
0,0,% to %n, idle%es%
0,0,%haggl%en%lent pi%
0,0,%ea% exp%oach a%
0,0,%ag care%r,% packag%
0,0,%y about%tru%ges w%
0,0,%y c%ges%pac%
0,0,%ronic r%xes use%gainst %
0,0,%s h% bea%ing, e%
0,0,%braid%latelet%
0,0,%eans%eave%yly? b%
0,0,%ongside% have t%
0,0,%ac%gular%ep sl%
0,0,%es ac%ven th%
0,0,%ng to %os are%ctio%
0,0,%le. flu%sly re%
0,0,%g%ins d%ges af%
0,0,%quic%q%n foxes%
0,0,%ests %ymptote%onic%
0,0,%-ray re% the sp%
0,0,%aggle a%old i%ven %
0,0,%usl%r inst%e qui%
0,0,%dl%lly % ha%
0,0,%are s%fix. %
0,0,%lyly%ill ar%
0,0,%sts s%ng %. c%
0,0,%ng, e%uri%jol%
0,0,%ndi%lyly. %e clo%
0,0,%cajo%ly e%l p%
0,0,%ng to %end%d, %
0,0,%lly un%y amo%
0,0,%accoun%es. r%uffi%
0,0,% furi%ans sha%
0,0,%ose the%e. %pending%
0,0,%dep%. ironi%ly. exp%
0,0,%nev%nci%te a%
0,0,%ts alon% wake%sts%
0,0,%ins n%ake e%
0,0,% %ey%encie%
0,0,%ges. re%nst th%
0,0,%ncies%s wa%egular %
0,0,%ns wa%pec%ach t%
0,0,%w%. b%nt d%
0,0,%k%platele%ar, %
0,0,%bo%s.%ft%lo%
0,0,%ly ar%fluffi%h i%
0,0,%eans u%usly s%en in%
0,0,%s. dog%uic%
0,0,%he%eque%es. spe%
0,0,% dep%en de%ll%
0,0,% ev%bold%ches. %
0,0,%.%es ca%l es%
0,0,%unts % cajol%its %
0,0,%at. ac%u%fl%
0,0,%es grow% dugou%r%
0,2,%t. qu% de%
0,2,%ep%n%usual w%
0,3,%ove th%s d%a%
0,4,%its %dle bli%
0,4,%ts; %ct %
0,5,%eposi%c,%th%
0,6,%y flu%ina%epos%
0,7,%id%resias.%
0,7,% al%er%y%
0,7,%ar%e. do%g%
0,12,% %indle e%
0,13,%su%ily s%
0,14,%ietly. %y %
0,16,%ep%sits%ole. fu%
0,18,%n%ests%age %
0,24,%i%less r%
0,24,% use s%in%e %
0,25,%w ex%
0,26,%ruct%ons wa%e qui%
0,40,%into%ion%
0,47,%x re%g%
0,49,%ackage%have %
0,52,%a%kl%lar re%
0,57,%se s%yly ac%
0,65,%cuses %ix %
0,77,%to nag%
0,84,%nts%nic i%
0,84,%are. q%
0,89,%aj%ole fi%
0,96,%the%lar, r%ar%
0,103,%ina%sts. s%
0,107,%ts. %pendi%ng pa%
0,108,% t%ld f%ox%
0,118,%ss, pe%
0,131,%ges ha%le%bl%
0,151,%as acro%
0,156,%x % c%r%
0,158,%y th%ro%
0,165,%osits.%e%m%
0,186,%e o% bo%
0,220,%ges. ex%
0,270,% bea%ns. r%
0,320,% %ully %flu%
0,350,%es.%e%heo%
0,353,%l requ%ly %l%
0,363,%c%l, i%
0,364,% bli%y. f%
0,373,%nal, s%
0,377,%ely f%nal d%
0,422,%r%e ab%out%
0,438,%s. pi%o%
0,452,%e%ly. %uff%
0,458,%ov%e r%
0,462,%l%y da%r%
0,476,% u%a%y%y %
0,550,%it%accordi%g to %
0,568,%iousl%r t%
0,594,%ke %ffily%
0,601,%ake flu%
0,601,%age%s ac%
0,608,%pliers%
0,612,%al, ev%
0,664,%ti%ons c%
0,667,%oo%h%el%
0,678,%kin%
0,680,%s. id%e%
0,685,%mes %
0,697,% idea%lit%e%
0,697,%y sly%. %
0,748,% plat% ca%
0,844,%l i%b%
0,847,%ets %d%
0,876,%ns use% %
0,922,%s aro%
0,947,%sual pa%e% %
0,1010,% beans%care%
0,1029,%n%s. ex%
0,1031,%o% b%di%
0,1048,% q%pend%
0,1051,%as% ac%c%
0,1056,%ly un%ual d%
0,1058,%the unu%sua%l%
0,1062,%kl%ins%
0,1068,%p blith%y%
0,1100,%l, regu%
0,1107,%se c%
0,1136,%ide% bli%
0,1153,%t blit%
0,1163,%ounts.% c%
0,1180,%li%ly bold%
0,1186,%s affi%f%
0,1189,%en% depe%
0,1195,%usual d%epos%
0,1237,% %ruction%s a%
0,1239,%usly pe%din%
0,1245,%ze %
0,1278,%al %fina%
0,1287,%b% fi%c%
0,1319,%ts alon%
0,1321,%as%totes%ly%
0,1334,%ages. %u%t%
0,1342,% a%posits%
0,1344,%pack%es w%
0,1384,%ar in%ct%
0,1391,%fin%al pi%
0,1399,%ent p%a%
0,1414,%ea%n% %li%
0,1434,%. final%,%
0,1456,%uthle%
0,1458,%st%bol%
0,1461,%tt%
0,1464,%s cajo%fur%
0,1476,%po%ts w%
0,1481,%ve%n, %i%
0,1485,%hs%
0,1494,%ach%
0,1500,%nal id%
0,1505,%, pendi%
0,1525,%rts%o%
0,1525,%ess pac%
0,1559,%s%ile%re%
0,1561,%eep sly%
0,1585,%to be%ans a%
0,1586,%e exp%r%
0,1586,%g%r ins%
0,1594,%blithe% acc%
0,1614,%s %e iro%
0,1648,%low%
0,1653,%t%ix %
0,1666,%f%asym%
0,1667,%usly u%
0,1683,%ing ac%
0,1705,%sly bo%
0,1707,%e ex%es%
0,1708,% re% fox%
0,1719,%u%ckly ir%
0,1731,%g %nd%
0,1735,%re %furi%ou%
0,1735,%ckly. %
0,1751,%. dep%
0,1776,%old%ns%
0,1811,%y al%ng %
0,1827,%ct%i% ca%
0,1892,%cial a%
0,1897,%lly %xpr%
0,1924,%ctions.%u%
0,1936,%s. bo%
0,1946,%ga%he %r%
0,1957,%ul%unusual%
0,1964,% bean%le%
0,1999,%fi%al r%sts%
0,2011,%ca%areful%
0,2018,%ke%io%
0,2019,%re%ly%r% p%
0,2023,%ress a%
0,2033,%ns w%
0,2037,%eg%,%l%
0,2037,%s. pe%
0,2098,%r %t%ur%
0,2107,%iro%ount%
0,2118,%elets.%
0,2137,%, b%
0,2173,%es boo%
0,2183,%us%ly%io%
0,2214,%ys%
0,2225,%thely %it%
0,2225,%ss%cco%
0,2235,% s%o%a%re%
0,2240,%the %l%le%
0,2250,%o%. fi%a%
0,2251,% even r%
0,2262,%ep%un%
0,2267,%cie%s.%
0,2278,% fin%eques%
0,2284,% furio%y.%
0,2288,%ronic%posit%
0,2290,%te%uick%
0,2320,%nding %in%
0,2366,%eal%
0,2367,%ully % dep%
0,2384,%bra%
0,2389,%ll%u%s%y%
0,2392,%pl%e%t%i%
0,2405,%hely. %
0,2406,%y blit%
0,2408,%. re%es%
0,2412,%d%e%. car%
0,2417,%bo%a%d%
0,2457,%ly a%e f%
0,2458,%fily %h%
0,2464,%ur%in%l %
0,2492,%. sp%
0,2502,%om%
0,2506,%e%e%pt%
0,2508,%b% sp%
0,2540,%. %y bol%
0,2567,%ly fu%o%
0,2592,%ag% %r %
0,2602,% %c%l%pi%
0,2612,%kl%ic%
0,2627,%ly %ests. %
0,2667,%re%sle%
0,2674,%regula%reque%s%
0,2715,%ron% c%
0,2723,%g% speci%
0,2749,%ests. %t%
0,2753,%r,%s%
0,2773,%en dep%
0,2793,% b%il%
0,2817,%ts. %fina%
0,2829,%c%boo%
0,2859,%s the%ly%
0,2859,% int%ra%
0,2859,%. ex%
0,2880,%ronic i%
0,2886,%us%l%x%r%
0,2890,%uf%y% r%
0,2902,%c%lly f%i%
0,2926,%ful%ironic%
0,2931,%. pe%
0,2954,%k%k%ly%
0,2956,%i%b%k%
0,2962,%y%le%t%i%
0,2967,%ve%pac%
0,2994,% %egr%
1,3054,%ic %ea%
1,3069,%l%n p%
1,3466,%y pendi%ng%o%
1,3581,%teg%
1,3857,% f%l%ev%
1,4501,%a%ol%in%
1,4833,%ar%e%ir%
1,5127,%ng %d%s%
1,5350,%r de%
1,5739,%onic %e%p%
1,5820,%y%mpto%e%
1,6137,%.%ns%
1,6257,%l%. %ul%a%
1,6321,%u%p%ss%
1,6626,%s use%
1,6642,%a%s %wake%
1,6877,%ter%th%
1,6883,% %kages.%
1,6913,% nag%
1,6920,%t%pac%age%
1,6995,%oost%
1,7299,%. i%
1,7312,%y speci%al%
1,7361,%l, %
1,7504,%fte%
1,7543,%ely%in%
1,7587,%ord%
1,7806,%ly%ial%
1,7892,%ites %
1,7899,%cr%
1,7931,%s%. % b%
1,8137,%y pendi%
1,8416,%s. sl%
1,8470,%egu%r% a%
1,8494,%ly exp%
1,8574,%ft%
1,8636,%ounts.%
1,8764,%nt %
1,9207,%. bl%
1,9281,%ur%t%s%
1,9397,%y bo%
1,9408,%press %e%
1,9417,% to%
1,9702,%q%s. %
1,10592,%l%xpre%
1,10714,%ng th%
1,10772,%re%ts. %
1,11466,%s cajol%
1,12265,%o %ean%
1,12325,%a%bo%e %
1,12493,%haggle%
1,13091,% pen%ing%
1,13353,%ng%d%
1,13490,%doli%
1,13704,%l%d%e%y%
1,13917,%ox%e%
1,14096,%o b%
1,14126,% h%l%
1,14654,%counts %
1,14927,%h%fu%i%
1,15631,%d % %
1,15735,%l%n %
1,15740,% ha%
1,16149,%uff%
1,16368,% sp%
1,16386,%e sl%
1,16463,%xpr%
1,16898,%fl%
1,17338,% un%
1,17840,%res%
1,17963,%d%g%u%
1,18545,%u%ol%
1,19747,%ly i%
1,20026,%y%p%in%
1,20526,%c%o%p%
1,21130,%y%gular%
1,21578,% quic%
1,21822,%id%
1,22319,%a%ccounts%
1,22749,%c%kl%
1,22791,%pen%
1,23346,%. f%
1,23479,% fur%ously %
1,23536,%ick%
1,23556,%e%egul%
1,23681,%kl%
1,23932,%l%cc%
1,24158,%bl% %
1,24168,%ins%
1,24561,% bl%l%
1,25098,%h%h%
1,25482,%re%ue%
1,25492,%uests%
1,25518,%e%ues%
1,25535,%e%efu%
1,26187,%y% reg%
1,26379,% pac%
1,26632,%t%lit%
1,26683,%ithely%
1,26742,%e%si%s%
1,27060,%cc%ou%
1,27193,%ev%
1,27449,%cka%
1,27531,%sit%
1,27611,%pos%
1,27650,% ir%ic%
1,27650,% %onic%
1,27738,% %el% %
1,28147,%e f%
1,28182,%r%he %
1,28478,%,%
1,28810,%ue%
1,28850,% fur%ousl%
1,29105,%t%hel%
1,29289,%nts%
1,29844,%lith%
1,29906,% bl%i%
1,29933,%e%car%
1,30077,%c %
1,30287,%ironi%
1,30331,%ously %
1,30349,%ithe%
1,30472,%fu%n%
1,31338,% fin%
1,31570,%roni%
1,31580,%iron%
1,32012,%ith%
1,32416,%ious% %
1,32761,% r%lar%
1,32949,%le%a%
1,33306,%riousl%
1,33640,%acco%
1,33659,%de%a%
1,34125,% f%urio%
1,34201,%ng %
1,34790,%ir%
1,34961,%efull%
1,34994,%e%si%
1,35612,%uriou%
1,35704,%caref%
1,36802,%u%lly%
1,37084,%yly%
1,37276,%d%ep%
1,37927,%ull%
1,38340,%eg%l%a%
1,38557,%e %th%
1,38632,%n%l%c%
1,38666,%iou%
1,38751,%ref%
1,38780,%uri%
1,39254,%egul%
1,39330,% reg%
1,39345,%f%ur%
1,39367,%a%r%o%u%
1,39464,%f%i%ou%
1,39619,%ck%e%
1,39623,%g%ul%r%
1,39629,%ll%y%
1,39662,%n%g %
1,40137,%ar%t%
1,40278,%v%
1,40393,%ef%
1,40590,%na%
1,40825,%gul%
1,40882,%lar%
1,40919,%reg%
1,41457,%g %
1,41473,%ng% %
1,41660,%ll%
1,41723,%te% %
1,42077,%pe%
1,42612,%i%g%l%
1,42967,%x%
1,43027,% %ou%t%
1,43268,%us%ly%
1,43473,%si%
1,43517,%ur%
1,43790,%lit%
1,44076,%ng%
1,44744,%ns%
1,45433,%os%
1,45892,%eg%
1,45954,%i%l %
1,46238,%a%t%y%
1,46458,%ar%u%l%
1,46737,%li%
1,47372,% a%th%
1,47564,%e%q%
1,47599,%l% i%
1,47664,%te%
1,47957,%t%c%s%
1,48320,%un%
1,48955,%e% p%
1,49218,%ol%
1,49221,%u%r%y%
1,49368,%c%.%
1,49560,%n% %y% %
1,50354,%ep%
1,50670,%are%
1,50701,%la%
1,50963,%es %
1,51129,% ca%
1,51434,%fi%
1,51585,% sl%
1,52146,%y% a%
1,52147,% e%
1,52270,%qu%
1,52281,%l%n%n%
1,52774,%al%s%
1,53367,%b%o%
1,53816,% p%a%
1,53918,%the%y%
1,54073,%ag%
1,54155,%q%
1,54335,%s%e%g%
1,54338,%ca%
1,55253,%al%e%
1,55392,%c%k%
1,55914,%h%n%
1,55961,% f%r%
1,56657,%i%ou%
1,56662,% a%c%
1,56676,%u%i%s%l%
1,56699,%st%
1,56732,%ly%ly%
1,56975,%y%f%
1,57181,%r%d%
1,57355,%y%re%
1,57409,%ic%
1,57679,%n% %f%
1,57724,%r%r%u%
1,57790,% c%
1,58000,%s%sl%
1,58340,%a%a%i%
1,58345,%ul%a%
1,58421,%t%s.%
1,58522,%a%c% % %
1,58608,%i%al%
1,58701,%o%e%y%
1,59498,%a%s%.%
1,59598,%d%n%
1,59783,%the% %l%
1,59831,%nt%
1,60047,%sl%e%
1,60135,%n%y%
1,60441,%i%s%.%
1,60490,%o%sl%
1,60685,%ts %
1,60806,%h%u%
1,60889,%s%he%
1,61088,%h%s% %
1,61143,%de%
1,61476,%on%
1,61575,%e%t%n%
1,62065,%le%
1,62323,%y%ly%
1,62346,%a% a%
1,62509,%. %r%
1,62546,%en%
1,62565,%l% f%
1,62699,% the %
1,62714,%fu%y%
1,63185,%n%h%
1,64069,%re%r%
1,64511,% i%
1,64877,% re%
1,65081,%e%a%f%
1,65153,%g%o%
1,65954,%b%l%
1,66024,%the %
1,66399,%o%s%n%
1,66465,%k%
1,66857,%y%s%e%
1,67037,%r%e%f%
1,67676,%h%y%
1,67936,%c%o%t%
1,68016,%e%fu%
1,68707,%ou%s%
1,68762,%he %
1,68895,%us%
1,69079,%b%e%
1,69229,% r%
1,69360,%t%. %
1,69522,%n%p%
1,69736,% %fu%
1,70156,% p%
1,70250,%e%h% %
1,71256,% f% %
1,71285,%s%t%l% %
1,71470,%ac%
1,71890,%.%i%
1,72186,% b%
1,72469,% %ts%
1,72941,%it%
1,73049,%t%.%
1,73721,%e% f%
1,74049,%sly%
1,74157,%r%g%
1,74189,% t% %
1,74329,%p%c%
2,75591,%p%l%
2,75646,%re%s%
2,75670,%r%f%
2,76239,%c%n% %
2,76576,% %o%c%
2,76680,% the%
2,77349,% a%t%
2,77480,%h% %l%
2,78040,%fu%
2,78467,%r%u%t%
2,78521,%u%u%s%
2,78539,%al%
2,78548,%l%r%i%
2,78730,%s %r%
2,78741,%ul%
2,78841,%y %u%
2,78937,%ly%t%
2,79102,% a%o%
2,79151,%s%g%
2,79183,%es%s%
2,79468,% f%i%
2,79652,%a%p%
2,79965,%.% %l%
2,80211,%c%o%s%
2,80411,%ou%
2,80479,%ly%u%
2,80984,%a%re%
2,81174,%th%l%
2,81341,%t%u% %
2,81437,%c%l%e%
2,81471,%ar% %
2,81627,%e%a%c%
2,81655,%r%l%a%
2,81687,% th%
2,81707,%y%l%e%
2,82159,%c%c%
2,82266,%l%h%
2,82401,%p%t%
2,82403,%s %o%
2,82428,% s%
2,82833,%s. %
2,82833,%s.% %
2,82931,% a% %
2,83180,%d%e% %
2,83388,%l%n%e%
2,84315,%t%l%i%
2,84361,%u%i%o%
2,84497,% % %l%a%
2,85110,% %b%
2,85849,%r%l%l%
2,85875,%f%y%
2,86236,%s.%
2,86254,%d%s%
2,86721,%ly %r%
2,86955,%f%u%l%
2,87042,%e%p% %
2,87677,% t%
2,88040,%t%n% %
2,88224,%y%u%
2,88515,%l%a%o%
2,88527,%b%
2,88689,%d%i%
2,89018,%sl%
2,89265,% %in%
2,89374,%re%l%
2,89523,%o%u%l%
2,90314,%y %o%
2,90648,%e%d%
2,90767,%o%y%
2,91918,%e%.%
2,92018,%a%u%l%
2,92110,%a%g%
2,92199,%g%l%
2,92204,%r%l%y%
2,92358,%ts% %
2,93880,%a%e %
2,93987,%ar%
2,94015,%s%p%
2,94114,%i%c% %
2,94622,%i%l%i%
2,94796,%a%f%
2,94996,%s%s %
2,95019,%s%f%
2,95257,%a% %n%
2,95774,%u%c%
2,95859,% f%
2,96504,% %the%
2,96814,%c% %a%
2,96857,%y %n%
2,97302,%ts%
2,97791,%t%e %
2,98534,%p%a%
2,98651,%th% %
2,99253,%l% %p%
2,99300,%t%y%
2,99425,% %i%u%
2,99542,%in%
2,99791,%e%g%
2,99864,%ly%s%
2,99878,%p%i%
2,100011,%n%e%s%
2,100029,%y%o%
2,100712,%n%u%
2,100926,%a%y%
2,101289,%o%s%i%
2,101344,%r%e%a%
2,101482,%c%r%
2,102058,%d%e%
2,102699,%s%. %
2,102699,%s%.% %
2,102908,%e%i%n%
2,103104,%y%n%
2,103192,%ly %a%
2,103285,%s%l%a%
2,103375,%the%
2,103422,%n% %s% %
2,103568,%t%he%
2,103785,%i%a%e%
2,103787,%o%r%
2,104120,%n%c%
2,104489,%c%l% %
2,104614,%t%e%a%
2,104910,%t%s %
2,105009,%c%i%
2,105254,%c%u%
2,105536,% %p% %
2,105732,% %s%u%
2,105944,%e%u%e%
2,106016,%t%n%
2,106069,%o%e%s%
2,106099,%f%u%
2,106464,%th%e%
2,106824,%r%n%
2,107048,%s%.%
2,107348,%l%p%
2,108149,%he%
2,108394,%s%ly %
2,108417,% a%
2,108769,%a%l%l%
2,108819,%p%s%
2,109008,%s%i%e%
2,109196,%ly%a%
2,110293,%s%y %
2,110416,% %d%
2,111563,% %t%h%
2,111742,%y%i%
2,111893,%e%u%s%
2,112255,%n%a% %
2,112260,%es% %
2,112318,%th%
2,112843,%n%o%
2,113238,% %e %
2,113762,%l%t%e%
2,113978,%h%e% %
2,114461,%e%f%
2,114673,%u%n%
2,115004,% %re%
2,115135,%l%c%
2,115546,%f% %
2,115762,%r%e%u%
2,115944,%e%ly %
2,115975,%. %
2,115975,%.% %
2,116027,%f%l%
2,116372,%u%o%
2,116393,%e%p%
2,116491,%s%ly% %
2,116743,% %s %
2,117012,%ly %e%
2,117475,% %r%i%
2,117516,%r%t%
2,117593,%p% %
2,117826,%p%e%
2,117830,%i%ly%
2,117872,%c%e% %
2,118696,%h% %
2,118926,% %l%t%
2,119053,%i%c%
2,119634,%u%l%y%
2,119716,%g% %
2,120120,%t%r%
2,120330,%.%
2,120480,%es%
2,120548,%u%e% %
2,120793,%u%y%
2,120885,%i%e%s%
2,121107,%i%y%
2,121526,%c%l%
2,121808,%t%h%
2,121960,%s%s%e%
2,122005,%s%y% %
2,122050,% %t%l%
2,122461,%e% %e%s%
2,122462,%i%u%
2,122597,%a%n%
2,122634,%n%l%
2,122860,%re%
2,122917,%a%c%
2,123030,% %h%
2,123327,%e%a%l%
2,123415,%r%a%
2,123690,%d%
2,124304,%ly%e%
2,124402,%u%t%
2,124519,%h%e%
2,124555,%s% %e%e%
2,124836,%e%ly% %
2,124953,% %y %
2,124961,%i%r%
2,125154,%s%c%
2,125158,%y%l%
2,125341,%s%ly%
2,125482,%s%n%
2,125628,%c%s%
2,126512,% % %t% %
2,126830,%u%r%
2,127286,%o%u%
2,127555,%s%e%l%
2,127770,%a%l%e%
2,127973,%t%e%l%
2,128093,%e%s %
2,128233,%e%n% %
2,128952,%e%y% %
2,130381,%e %
2,130828,%n%i%
2,131494,%l%l%y%
2,131769,%c%a%
2,131927,% %i%t%
2,131965,%l% %t%
2,132001,%s% %u%
2,132330,%s%y%
2,132686,%u%a%
2,132934,% %f%
2,133196,%l%u%
2,133292,%t%i%
2,133419,%a%u%
2,133621,%e%ly%
2,133860,%r%o%
2,133945,%g%
2,134239,% %l%a%
2,134659,%n%s% %
2,134974,%h%
2,135046,%i%i%
2,135227,%a%i%
2,135422,%o%n%
2,135611,%n%a%
2,135685,%u% %e%
2,135823,%l% %r%
2,136104,%t% %a%
2,136128,% %i%n%
2,136215,%y%e%
2,136305,%t% %l%
2,136536,%i%n% %
2,136568,%r%i%
2,136694,%l%n%
2,136836,% %p%
2,136977,%s% %o%
2,137087,%e%c%
2,137733,%a% %s%
2,137772,%s%t% %
2,138131,%t%a%
2,138429,%n%t%
2,138749,%e%y%
2,138759,%y% % %
2,138782,%i% %a%
2,138945,%l%e%s%
2,140041,%c%e%
2,140149,%u%i%
2,140184,%e%s%l%
2,141247,% %ly%
2,141393,%e%a%e%
2,141988,%o%i%
2,142169,%s%u%
2,142714,%r%l%
2,142837,%l%o%
2,142879,%l%e%e%
2,143130,% % %u%
2,143373,%f%
2,143573,%s%r%
2,143701,%n% %e%
2,144236,%s%o%
2,145133,%a%t%
2,145503,%l%r%
2,145599,%e%t% %
2,145987,%a%o%
2,146008,%l%s% %
2,146189,%o%l%
2,146554,%a%a%
2,146755,%e% %u%
2,147035,%o%t%
2,147137,%u%e%
2,147157,%r%s%
2,147293,%p%
2,147679,%e%e%e%
2,148134,%e%e%s%
2,148346,%e%s%e%
2,148665,% %y%
2,148928,% %e%u%
2,149364,%e% %r%
2,149394,%n%e%
