pattern,k,rows,survivors,matches
%st%bol%,1,299814,17209,1458
%st%bol%,2,299814,3568,1458
%st%bol%,3,299814,2390,1458
%st%bol%,4,299814,2155,1458
%st%bol%,6,299814,2029,1458
%st%bol%,8,299814,1998,1458
%w ex%,1,299814,1103,25
%w ex%,2,299814,127,25
%w ex%,3,299814,57,25
%w ex%,4,299814,57,25
%w ex%,6,299814,57,25
%w ex%,8,299814,57,25
%rts%o%,1,299814,3565,1525
%rts%o%,2,299814,2235,1525
%rts%o%,3,299814,1934,1525
%rts%o%,4,299814,1853,1525
%rts%o%,6,299814,1853,1525
%rts%o%,8,299814,1853,1525
%ve%n,1,299814,28963,28963
%ve%n,2,299814,28963,28963
%ve%n,3,299814,28963,28963
%ve%n,4,299814,28963,28963
%ve%n,6,299814,28963,28963
%ve%n,7,299814,28963,28963
%al,1,299814,78539,78539
%al,2,299814,78539,78539
%al,3,299814,78539,78539
%al,4,299814,78539,78539
%ar%e. do%g%,1,299814,3399,7
%ar%e. do%g%,2,299814,303,7
%ar%e. do%g%,3,299814,62,7
%ar%e. do%g%,4,299814,16,7
%ar%e. do%g%,6,299814,10,7
%ar%e. do%g%,8,299814,9,7
%ans x-r%the q%,1,299814,697,0
%ans x-r%the q%,2,299814,8,0
%ans x-r%the q%,3,299814,0,0
%ans x-r%the q%,4,299814,0,0
%ans x-r%the q%,6,299814,0,0
%ans x-r%the q%,8,299814,0,0
%a%kl%lar re%,1,299814,4451,52
%a%kl%lar re%,2,299814,364,52
%a%kl%lar re%,3,299814,195,52
%a%kl%lar re%,4,299814,102,52
%a%kl%lar re%,6,299814,79,52
%a%kl%lar re%,8,299814,74,52
%se c%,1,299814,8547,1107
%se c%,2,299814,1323,1107
%se c%,3,299814,1293,1107
%se c%,4,299814,1293,1107
%se c%,6,299814,1293,1107
%se c%,8,299814,1293,1107
%li%,1,299814,46737,46737
%li%,2,299814,46737,46737
%li%,3,299814,46737,46737
%li%,4,299814,46737,46737
%c%o%t%,1,299814,99666,67936
%c%o%t%,2,299814,78762,67936
%c%o%t%,3,299814,72667,67936
%c%o%t%,4,299814,72667,67936
%c%o%t%,6,299814,72667,67936
%ic %ea%,1,299814,28927,3054
%ic %ea%,2,299814,3856,3054
%ic %ea%,3,299814,3487,3054
%ic %ea%,4,299814,3368,3054
%ic %ea%,6,299814,3324,3054
%ic %ea%,8,299814,3324,3054
% t% %,1,299814,87677,74189
% t% %,2,299814,87677,74189
% t% %,3,299814,87677,74189
%y%s%e%,1,299814,112094,66857
%y%s%e%,2,299814,89181,66857
%y%s%e%,3,299814,83972,66857
%y%s%e%,4,299814,83972,66857
%y%s%e%,6,299814,83972,66857
%.%i%,1,299814,120330,71890
%.%i%,2,299814,102323,71890
%s%. % b%,1,299814,59288,7931
%s%. % b%,2,299814,26891,7931
%s%. % b%,3,299814,24951,7931
%s%. % b%,4,299814,24526,7931
%s%. % b%,6,299814,24526,7931
%s%. % b%,7,299814,24526,7931
% ir%ic%,1,299814,32873,27650
% ir%ic%,2,299814,28297,27650
% ir%ic%,3,299814,27862,27650
% ir%ic%,4,299814,27862,27650
% ir%ic%,6,299814,27862,27650
% ir%ic%,8,299814,27862,27650
%ng %d%s%,1,299814,34201,5127
%ng %d%s%,2,299814,10351,5127
%ng %d%s%,3,299814,7079,5127
%ng %d%s%,4,299814,6744,5127
%ng %d%s%,6,299814,6521,5127
%ng %d%s%,8,299814,6521,5127
%ll%y%,1,299814,41660,39629
%ll%y%,2,299814,40198,39629
%ll%y%,3,299814,40198,39629
%ll%y%,4,299814,40198,39629
%ll%y%,5,299814,40198,39629
%t% %a%,1,299814,138131,136104
%t% %a%,2,299814,138126,136104
%t% %a%,3,299814,138126,136104
%t% %a%,4,299814,138126,136104
%e%d%,1,299814,90648,90648
%e%d%,2,299814,90648,90648
%e%d%,3,299814,90648,90648
%l%t%e%,1,299814,151159,113762
%l%t%e%,2,299814,124449,113762
%l%t%e%,3,299814,121276,113762
%l%t%e%,4,299814,121276,113762
%l%t%e%,6,299814,121276,113762
%n%c%,1,299814,104120,104120
%n%c%,2,299814,104120,104120
%n%c%,3,299814,104120,104120
%s%e%l%,1,299814,194441,127555
%s%e%l%,2,299814,167677,127555
%s%e%l%,3,299814,150228,127555
%s%e%l%,4,299814,150228,127555
%s%e%l%,6,299814,150228,127555
%n%t%,1,299814,138429,138429
%n%t%,2,299814,138429,138429
%n%t%,3,299814,138429,138429
%o%n%,1,299814,135422,135422
%o%n%,2,299814,135422,135422
%o%n%,3,299814,135422,135422
%u%i%o%,1,299814,116372,84361
%u%i%o%,2,299814,92971,84361
%u%i%o%,3,299814,87007,84361
%u%i%o%,4,299814,87007,84361
%u%i%o%,6,299814,87007,84361
%u% %e%,1,299814,147137,135685
%u% %e%,2,299814,147132,135685
%u% %e%,3,299814,147132,135685
%u% %e%,4,299814,147132,135685
%u%c%,1,299814,95774,95774
%u%c%,2,299814,95774,95774
%u%c%,3,299814,95774,95774
