bins,run,commit_s,oracle_bytes,bins_bytes
0,1,5.4461,6313,0
16,1,7.6765,7368,1894
64,1,9.6732,8832,6646
128,1,11.7074,10361,11728
256,1,14.6122,12715,19219
512,1,17.8104,15440,27667
1024,1,21.4256,21210,44563
2048,1,25.9330,34445,78355
0,2,5.4381,6313,0
16,2,7.6910,7368,1894
64,2,9.6849,8832,6646
128,2,11.7114,10361,11728
256,2,14.6512,12715,19219
512,2,17.8035,15440,27667
1024,2,21.3939,21210,44563
2048,2,25.9411,34445,78355
0,3,5.4524,6313,0
16,3,7.6781,7368,1894
64,3,9.6940,8832,6646
128,3,11.7187,10361,11728
256,3,14.6616,12715,19219
512,3,17.8421,15440,27667
1024,3,21.3744,21210,44563
2048,3,25.9149,34445,78355
