kind,width,k,regime,pattern,prove_s,verify_s,proof_bytes,result_rows
baseline,0,0,0,%st%bol%,1332.6038,0.0167,28971,1458
baseline,0,0,0,%w ex%,900.1023,0.0138,23238,25
baseline,0,0,0,%rts%o%,1170.5789,0.0162,28012,1525
baseline,0,0,0,%ve%n,1152.8671,0.0165,28135,2403
baseline,0,0,0,%al,700.3002,0.0142,24612,3285
baseline,0,0,0,%ar%e. do%g%,2134.4738,0.0196,33398,7
baseline,0,0,0,%ans x-r%the q%,2225.7382,0.0182,30789,0
baseline,0,0,0,%a%kl%lar re%,2274.1633,0.0198,32719,52
baseline,0,0,0,%se c%,902.3588,0.0141,24209,1107
baseline,0,0,1,%li%,656.7442,0.0206,21457,46737
baseline,0,0,1,%c%o%t%,1437.2465,0.0326,28201,67936
baseline,0,0,1,%ic %ea%,1313.6999,0.0168,28765,3054
baseline,0,0,1,% t% %,1075.0033,0.0312,25575,74189
baseline,0,0,1,%y%s%e%,1435.9938,0.0318,28222,66857
baseline,0,0,1,%.%i%,956.2730,0.0302,25049,71890
baseline,0,0,1,%s%. % b%,1744.5126,0.0193,31558,7931
baseline,0,0,1,% ir%ic%,1323.7320,0.0198,26852,27650
baseline,0,0,1,%ng %d%s%,1602.4751,0.0193,31565,5127
baseline,0,0,1,%ll%y%,1054.4712,0.0226,25624,39629
baseline,0,0,2,%t% %a%,1480.9218,0.0474,28240,136104
baseline,0,0,2,%e%d%,1017.2759,0.0313,25022,90648
baseline,0,0,2,%l%t%e%,1488.5922,0.0347,28284,113762
baseline,0,0,2,%n%c%,988.5420,0.0318,25032,104120
baseline,0,0,2,%s%e%l%,1500.0770,0.0349,28145,127555
baseline,0,0,2,%n%t%,994.1353,0.0448,25086,138429
baseline,0,0,2,%o%n%,998.2929,0.0448,24999,135422
baseline,0,0,2,%u%i%o%,1453.3319,0.0332,28200,84361
baseline,0,0,2,%u% %e%,1469.6098,0.0476,28262,135685
baseline,0,0,2,%u%c%,992.8072,0.0312,25063,95774
forced,2048,1,0,%st%bol%,254.7844,0.0189,34854,1458
forced,2048,1,0,%w ex%,150.0312,0.0157,27988,25
forced,2048,1,0,%rts%o%,167.0237,0.0183,30872,1525
forced,2048,1,0,%ve%n,333.3379,0.0186,33535,2403
forced,2048,1,0,%al,616.5810,0.0166,32105,3285
forced,2048,1,0,%ar%e. do%g%,183.6321,0.0216,38675,7
forced,2048,1,0,%ans x-r%the q%,151.7917,0.0210,37372,0
forced,2048,1,0,%a%kl%lar re%,228.4730,0.0219,41649,52
forced,2048,1,0,%se c%,184.4139,0.0167,33456,1107
forced,2048,1,1,%li%,375.6625,0.0226,25521,46737
forced,2048,1,1,%c%o%t%,976.9839,0.0361,35333,67936
forced,2048,1,1,%ic %ea%,359.0614,0.0189,34114,3054
forced,2048,1,1,% t% %,801.1777,0.0338,32487,74189
forced,2048,1,1,%y%s%e%,993.1059,0.0356,35299,66857
forced,2048,1,1,%.%i%,762.3141,0.0333,31859,71890
forced,2048,1,1,%s%. % b%,647.1346,0.0214,35065,7931
forced,2048,1,1,% ir%ic%,365.6668,0.0217,29710,27650
forced,2048,1,1,%ng %d%s%,405.8296,0.0212,34839,5127
forced,2048,1,1,%ll%y%,483.7369,0.0245,28967,39629
forced,2048,1,2,%t% %a%,1728.5985,0.0504,34607,136104
forced,2048,1,2,%e%d%,742.4173,0.0341,31051,90648
forced,2048,1,2,%l%t%e%,1735.5802,0.0376,34116,113762
forced,2048,1,2,%n%c%,753.2645,0.0347,31096,104120
forced,2048,1,2,%s%e%l%,1773.4015,0.0385,34506,127555
forced,2048,1,2,%n%t%,788.4275,0.0479,33917,138429
forced,2048,1,2,%o%n%,785.9130,0.0478,33909,135422
forced,2048,1,2,%u%i%o%,992.8072,0.0367,35190,84361
forced,2048,1,2,%u% %e%,1735.6337,0.0501,34642,135685
forced,2048,1,2,%u%c%,746.8545,0.0344,30998,95774
forced,2048,2,0,%st%bol%,169.5756,0.0187,32288,1458
forced,2048,2,0,%w ex%,138.8230,0.0158,29014,25
forced,2048,2,0,%rts%o%,165.7546,0.0184,32038,1525
forced,2048,2,0,%ve%n,333.4390,0.0188,33895,2403
forced,2048,2,0,%al,617.4172,0.0166,32972,3285
forced,2048,2,0,%ar%e. do%g%,145.7730,0.0217,41839,7
forced,2048,2,0,%ans x-r%the q%,138.1226,0.0186,31474,0
forced,2048,2,0,%a%kl%lar re%,146.4045,0.0216,40144,52
forced,2048,2,0,%se c%,150.2064,0.0159,28117,1107
forced,2048,2,1,%li%,374.7634,0.0228,25807,46737
forced,2048,2,1,%c%o%t%,956.6755,0.0365,36227,67936
forced,2048,2,1,%ic %ea%,170.0872,0.0190,32244,3054
forced,2048,2,1,% t% %,798.8756,0.0337,33321,74189
forced,2048,2,1,%y%s%e%,973.1865,0.0359,35810,66857
forced,2048,2,1,%.%i%,749.9521,0.0324,32765,71890
forced,2048,2,1,%s%. % b%,405.4202,0.0212,35615,7931
forced,2048,2,1,% ir%ic%,360.5729,0.0222,32526,27650
forced,2048,2,1,%ng %d%s%,266.4451,0.0211,34787,5127
forced,2048,2,1,%ll%y%,482.8006,0.0247,29468,39629
forced,2048,2,2,%t% %a%,1728.0756,0.0507,35428,136104
forced,2048,2,2,%e%d%,742.7173,0.0341,31946,90648
forced,2048,2,2,%l%t%e%,1019.5831,0.0379,35733,113762
forced,2048,2,2,%n%c%,753.4967,0.0347,31927,104120
forced,2048,2,2,%s%e%l%,1762.3812,0.0381,35002,127555
forced,2048,2,2,%n%t%,790.0669,0.0482,34718,138429
forced,2048,2,2,%o%n%,786.1699,0.0483,34689,135422
forced,2048,2,2,%u%i%o%,973.9718,0.0369,36332,84361
forced,2048,2,2,%u% %e%,1741.6197,0.0505,35603,135685
forced,2048,2,2,%u%c%,746.9308,0.0343,31874,95774
forced,2048,3,0,%st%bol%,169.0691,0.0189,33124,1458
forced,2048,3,0,%w ex%,138.7549,0.0158,29654,25
forced,2048,3,0,%rts%o%,153.7580,0.0186,32083,1525
forced,2048,3,0,%ve%n,333.8508,0.0188,34129,2403
forced,2048,3,0,%al,617.7494,0.0169,33687,3285
forced,2048,3,0,%ar%e. do%g%,139.5752,0.0220,40787,7
forced,2048,3,0,%ans x-r%the q%,137.1100,0.0165,23199,0
forced,2048,3,0,%a%kl%lar re%,142.8908,0.0217,39667,52
forced,2048,3,0,%se c%,150.2620,0.0160,28984,1107
forced,2048,3,1,%li%,375.5904,0.0229,25917,46737
forced,2048,3,1,%c%o%t%,954.4152,0.0363,36664,67936
forced,2048,3,1,%ic %ea%,170.1366,0.0191,33233,3054
forced,2048,3,1,% t% %,801.1406,0.0338,34162,74189
forced,2048,3,1,%y%s%e%,969.5846,0.0359,36701,66857
forced,2048,3,1,%s%. % b%,403.3384,0.0215,36097,7931
forced,2048,3,1,% ir%ic%,361.1735,0.0222,32786,27650
forced,2048,3,1,%ng %d%s%,211.1457,0.0218,39102,5127
forced,2048,3,1,%ll%y%,483.0477,0.0247,29519,39629
forced,2048,3,2,%t% %a%,1728.7136,0.0506,36233,136104
forced,2048,3,2,%e%d%,744.2403,0.0342,32823,90648
forced,2048,3,2,%l%t%e%,1018.4236,0.0380,36550,113762
forced,2048,3,2,%n%c%,755.2513,0.0345,32873,104120
forced,2048,3,2,%s%e%l%,1749.4577,0.0386,35759,127555
forced,2048,3,2,%n%t%,790.5613,0.0485,35525,138429
forced,2048,3,2,%o%n%,786.5835,0.0484,35517,135422
forced,2048,3,2,%u%i%o%,972.8257,0.0369,36731,84361
forced,2048,3,2,%u% %e%,1737.3610,0.0507,36146,135685
forced,2048,3,2,%u%c%,746.7029,0.0345,32700,95774
forced,2048,4,0,%st%bol%,169.3435,0.0193,33994,1458
forced,2048,4,0,%w ex%,139.1473,0.0160,30597,25
forced,2048,4,0,%rts%o%,154.3320,0.0188,33043,1525
forced,2048,4,0,%ve%n,335.0480,0.0187,34399,2403
forced,2048,4,0,%al,618.7388,0.0170,34591,3285
forced,2048,4,0,%ar%e. do%g%,139.1215,0.0215,39130,7
forced,2048,4,0,%ans x-r%the q%,137.5393,0.0167,24186,0
forced,2048,4,0,%a%kl%lar re%,141.5869,0.0218,40050,52
forced,2048,4,0,%se c%,150.8857,0.0162,29912,1107
forced,2048,4,1,%li%,378.1157,0.0226,26264,46737
forced,2048,4,1,%c%o%t%,955.0445,0.0363,37605,67936
forced,2048,4,1,%ic %ea%,169.9507,0.0197,34144,3054
forced,2048,4,1,%y%s%e%,969.8428,0.0367,37433,66857
forced,2048,4,1,%s%. % b%,403.7248,0.0213,36155,7931
forced,2048,4,1,% ir%ic%,361.5580,0.0222,33272,27650
forced,2048,4,1,%ng %d%s%,210.9341,0.0217,40020,5127
forced,2048,4,1,%ll%y%,484.8035,0.0249,29794,39629
forced,2048,4,2,%t% %a%,1731.3978,0.0510,37085,136104
forced,2048,4,2,%l%t%e%,1020.9121,0.0379,37345,113762
forced,2048,4,2,%s%e%l%,1752.7109,0.0388,36576,127555
forced,2048,4,2,%u%i%o%,974.6939,0.0365,37594,84361
forced,2048,4,2,%u% %e%,1737.4094,0.0510,37086,135685
forced,2048,5,1,%ll%y%,484.2428,0.0249,29856,39629
forced,2048,6,0,%st%bol%,169.2249,0.0194,34350,1458
forced,2048,6,0,%w ex%,139.3256,0.0161,30947,25
forced,2048,6,0,%rts%o%,154.8113,0.0188,33236,1525
forced,2048,6,0,%ve%n,334.8474,0.0187,34859,2403
forced,2048,6,0,%ar%e. do%g%,138.9649,0.0212,37313,7
forced,2048,6,0,%ans x-r%the q%,137.7061,0.0166,24390,0
forced,2048,6,0,%a%kl%lar re%,140.8045,0.0219,40919,52
forced,2048,6,0,%se c%,150.7146,0.0162,30054,1107
forced,2048,6,1,%c%o%t%,965.9793,0.0352,37848,67936
forced,2048,6,1,%ic %ea%,170.3560,0.0196,34663,3054
forced,2048,6,1,%y%s%e%,969.0363,0.0363,37764,66857
forced,2048,6,1,%s%. % b%,403.7327,0.0214,36475,7931
forced,2048,6,1,% ir%ic%,362.5877,0.0223,33468,27650
forced,2048,6,1,%ng %d%s%,211.1238,0.0219,40373,5127
forced,2048,6,2,%l%t%e%,1019.6404,0.0381,37549,113762
forced,2048,6,2,%s%e%l%,1751.3877,0.0387,36665,127555
forced,2048,6,2,%u%i%o%,974.7344,0.0370,37736,84361
forced,2048,7,0,%ve%n,334.3177,0.0188,34923,2403
forced,2048,7,1,%s%. % b%,403.9886,0.0215,36600,7931
forced,2048,8,0,%st%bol%,169.3616,0.0194,34753,1458
forced,2048,8,0,%w ex%,139.8516,0.0161,31514,25
forced,2048,8,0,%rts%o%,154.9464,0.0188,33529,1525
forced,2048,8,0,%ar%e. do%g%,139.3933,0.0213,37834,7
forced,2048,8,0,%ans x-r%the q%,137.8375,0.0169,24569,0
forced,2048,8,0,%a%kl%lar re%,140.7924,0.0222,41172,52
forced,2048,8,0,%se c%,151.3099,0.0163,30429,1107
forced,2048,8,1,%ic %ea%,170.4043,0.0196,34734,3054
forced,2048,8,1,% ir%ic%,362.6292,0.0224,33993,27650
forced,2048,8,1,%ng %d%s%,211.2103,0.0220,40637,5127
natural,16,-,0,%st%bol%,1332.1655,0.0166,28983,1458
natural,16,-,0,%w ex%,904.7458,0.0138,23251,25
natural,16,-,0,%rts%o%,892.2874,0.0195,37834,1525
natural,16,-,0,%ve%n,1151.7877,0.0164,28147,2403
natural,16,-,0,%al,699.9971,0.0144,24626,3285
natural,16,-,0,%ar%e. do%g%,2138.8161,0.0196,33410,7
natural,16,-,0,%a%kl%lar re%,2274.8081,0.0196,32730,52
natural,16,-,0,%se c%,904.9627,0.0143,24223,1107
natural,16,-,1,%li%,638.2996,0.0205,21470,46737
natural,16,-,1,%c%o%t%,1440.3412,0.0329,28193,67936
natural,16,-,1,%ic %ea%,1309.6629,0.0168,28777,3054
natural,16,-,1,% t% %,1074.4461,0.0312,25566,74189
natural,16,-,1,%y%s%e%,1437.5970,0.0327,28216,66857
natural,16,-,1,%.%i%,955.4563,0.0304,25012,71890
natural,16,-,1,%s%. % b%,1740.5034,0.0193,31575,7931
natural,16,-,1,% ir%ic%,1315.4223,0.0201,26844,27650
natural,16,-,1,%ng %d%s%,1599.1275,0.0193,31577,5127
natural,16,-,1,%ll%y%,1054.9308,0.0226,25597,39629
natural,16,-,2,%t% %a%,1478.9121,0.0476,28248,136104
natural,16,-,2,%e%d%,1015.8348,0.0312,25005,90648
natural,16,-,2,%l%t%e%,1486.5839,0.0346,28279,113762
natural,16,-,2,%n%c%,989.9125,0.0318,25016,104120
natural,16,-,2,%s%e%l%,1501.2335,0.0349,28139,127555
natural,16,-,2,%n%t%,995.0631,0.0448,25097,138429
natural,16,-,2,%o%n%,999.6109,0.0450,25001,135422
natural,16,-,2,%u%i%o%,1455.8935,0.0334,28191,84361
natural,16,-,2,%u% %e%,1471.2169,0.0475,28267,135685
natural,16,-,2,%u%c%,990.7945,0.0314,25066,95774
natural,64,-,0,%st%bol%,965.7697,0.0196,37181,1458
natural,64,-,0,%w ex%,902.6755,0.0137,23251,25
natural,64,-,0,%rts%o%,882.8097,0.0191,36232,1525
natural,64,-,0,%ve%n,1153.2025,0.0166,28147,2403
natural,64,-,0,%al,701.0238,0.0144,24626,3285
natural,64,-,0,%ar%e. do%g%,1332.9491,0.0227,42053,7
natural,64,-,0,%ans x-r%the q%,487.5447,0.0204,37638,0
natural,64,-,0,%a%kl%lar re%,1386.1590,0.0231,41336,52
natural,64,-,0,%se c%,904.9587,0.0141,24223,1107
natural,64,-,1,%li%,637.7672,0.0206,21470,46737
natural,64,-,1,%c%o%t%,996.5726,0.0358,36767,67936
natural,64,-,1,%ic %ea%,951.8741,0.0199,37025,3054
natural,64,-,1,% t% %,1077.3877,0.0313,25566,74189
natural,64,-,1,%y%s%e%,1437.7191,0.0329,28216,66857
natural,64,-,1,%.%i%,956.8666,0.0306,25012,71890
natural,64,-,1,%s%. % b%,1742.1111,0.0193,31575,7931
natural,64,-,1,% ir%ic%,966.8514,0.0232,35921,27650
natural,64,-,1,%ng %d%s%,1604.2472,0.0193,31577,5127
natural,64,-,1,%ll%y%,1054.2790,0.0227,25597,39629
natural,64,-,2,%t% %a%,1481.9821,0.0474,28248,136104
natural,64,-,2,%e%d%,1021.4261,0.0313,25005,90648
natural,64,-,2,%l%t%e%,1022.0929,0.0379,35573,113762
natural,64,-,2,%n%c%,990.8855,0.0318,25016,104120
natural,64,-,2,%s%e%l%,1499.4687,0.0350,28139,127555
natural,64,-,2,%n%t%,993.5662,0.0449,25097,138429
natural,64,-,2,%o%n%,1000.1790,0.0450,25001,135422
natural,64,-,2,%u%i%o%,989.7503,0.0365,36127,84361
natural,64,-,2,%u% %e%,1470.9632,0.0473,28267,135685
natural,64,-,2,%u%c%,990.3591,0.0315,25066,95774
natural,128,-,0,%st%bol%,581.3003,0.0187,33675,1458
natural,128,-,0,%w ex%,905.0614,0.0137,23251,25
natural,128,-,0,%rts%o%,534.7990,0.0181,32684,1525
natural,128,-,0,%ve%n,1152.6596,0.0165,28147,2403
natural,128,-,0,%al,699.9273,0.0144,24626,3285
natural,128,-,0,%ar%e. do%g%,304.7573,0.0216,38749,7
natural,128,-,0,%ans x-r%the q%,312.9552,0.0200,36404,0
natural,128,-,0,%a%kl%lar re%,794.8207,0.0215,37295,52
natural,128,-,0,%se c%,455.8041,0.0163,28911,1107
natural,128,-,1,%li%,636.9431,0.0206,21470,46737
natural,128,-,1,%c%o%t%,975.1427,0.0354,36087,67936
natural,128,-,1,%ic %ea%,934.7416,0.0199,36991,3054
natural,128,-,1,% t% %,1074.4406,0.0310,25566,74189
natural,128,-,1,%y%s%e%,988.0510,0.0361,36195,66857
natural,128,-,1,%.%i%,760.6991,0.0330,31731,71890
natural,128,-,1,%s%. % b%,1169.9638,0.0226,39080,7931
natural,128,-,1,% ir%ic%,582.7983,0.0218,31462,27650
natural,128,-,1,%ng %d%s%,647.0417,0.0210,35896,5127
natural,128,-,1,%ll%y%,1055.2074,0.0226,25597,39629
natural,128,-,2,%t% %a%,1481.0465,0.0475,28248,136104
natural,128,-,2,%e%d%,811.7551,0.0338,32360,90648
natural,128,-,2,%l%t%e%,1022.0676,0.0377,35605,113762
natural,128,-,2,%n%c%,989.4946,0.0320,25016,104120
natural,128,-,2,%s%e%l%,1501.9921,0.0351,28139,127555
natural,128,-,2,%n%t%,995.1532,0.0449,25097,138429
natural,128,-,2,%o%n%,999.8581,0.0450,25001,135422
natural,128,-,2,%u%i%o%,981.2497,0.0364,35656,84361
natural,128,-,2,%u% %e%,1471.1647,0.0474,28267,135685
natural,128,-,2,%u%c%,992.5703,0.0306,25066,95774
natural,256,-,0,%st%bol%,366.7673,0.0190,36240,1458
natural,256,-,0,%w ex%,905.5196,0.0139,23251,25
natural,256,-,0,%rts%o%,344.2536,0.0186,35007,1525
natural,256,-,0,%ve%n,1154.2085,0.0165,28147,2403
natural,256,-,0,%al,618.0635,0.0164,32009,3285
natural,256,-,0,%ar%e. do%g%,184.1593,0.0218,38323,7
natural,256,-,0,%ans x-r%the q%,233.6590,0.0208,41935,0
natural,256,-,0,%a%kl%lar re%,766.8393,0.0218,40970,52
natural,256,-,0,%se c%,454.3133,0.0160,28943,1107
natural,256,-,1,%li%,637.9386,0.0205,21470,46737
natural,256,-,1,%c%o%t%,978.8976,0.0356,35237,67936
natural,256,-,1,%ic %ea%,575.9725,0.0188,33720,3054
natural,256,-,1,% t% %,801.1103,0.0336,32391,74189
natural,256,-,1,%y%s%e%,995.4585,0.0357,35203,66857
natural,256,-,1,%.%i%,764.3750,0.0330,31763,71890
natural,256,-,1,%s%. % b%,411.4494,0.0211,36006,7931
natural,256,-,1,% ir%ic%,578.4774,0.0217,30944,27650
natural,256,-,1,%ng %d%s%,401.3613,0.0210,35797,5127
natural,256,-,1,%ll%y%,1055.1282,0.0227,25597,39629
natural,256,-,2,%t% %a%,1479.9551,0.0476,28248,136104
natural,256,-,2,%e%d%,744.0496,0.0337,30955,90648
natural,256,-,2,%l%t%e%,1020.5316,0.0376,35637,113762
natural,256,-,2,%n%c%,754.4040,0.0346,31000,104120
natural,256,-,2,%s%e%l%,1502.7935,0.0351,28139,127555
natural,256,-,2,%n%t%,993.1171,0.0448,25097,138429
natural,256,-,2,%o%n%,997.4755,0.0450,25001,135422
natural,256,-,2,%u%i%o%,994.7743,0.0365,35094,84361
natural,256,-,2,%u% %e%,1465.6845,0.0477,28267,135685
natural,256,-,2,%u%c%,745.9745,0.0341,30902,95774
natural,512,-,0,%st%bol%,169.6799,0.0191,33911,1458
natural,512,-,0,%w ex%,298.3615,0.0159,30250,25
natural,512,-,0,%rts%o%,344.1434,0.0184,35039,1525
natural,512,-,0,%ve%n,335.7419,0.0186,33956,2403
natural,512,-,0,%al,617.4637,0.0164,32041,3285
natural,512,-,0,%ar%e. do%g%,152.2791,0.0225,41259,7
natural,512,-,0,%ans x-r%the q%,139.3248,0.0191,34401,0
natural,512,-,0,%a%kl%lar re%,186.8231,0.0220,40718,52
natural,512,-,0,%se c%,304.4475,0.0163,31194,1107
natural,512,-,1,%li%,376.6036,0.0230,25457,46737
natural,512,-,1,%c%o%t%,977.6078,0.0359,35269,67936
natural,512,-,1,%ic %ea%,171.2378,0.0189,33792,3054
natural,512,-,1,% t% %,801.3123,0.0334,32423,74189
natural,512,-,1,%y%s%e%,997.6987,0.0354,35235,66857
natural,512,-,1,%.%i%,765.8260,0.0331,31795,71890
natural,512,-,1,%s%. % b%,403.6913,0.0210,36033,7931
natural,512,-,1,% ir%ic%,361.5230,0.0219,32462,27650
natural,512,-,1,%ng %d%s%,210.6510,0.0214,39038,5127
natural,512,-,1,%ll%y%,483.6855,0.0244,28903,39629
natural,512,-,2,%t% %a%,1481.6309,0.0474,28248,136104
natural,512,-,2,%e%d%,742.7260,0.0338,30987,90648
natural,512,-,2,%l%t%e%,1023.2040,0.0376,35669,113762
natural,512,-,2,%n%c%,753.6876,0.0346,31032,104120
natural,512,-,2,%s%e%l%,1501.1762,0.0351,28139,127555
natural,512,-,2,%n%t%,995.3762,0.0450,25097,138429
natural,512,-,2,%o%n%,1000.3013,0.0451,25001,135422
natural,512,-,2,%u%i%o%,994.3161,0.0367,35126,84361
natural,512,-,2,%u% %e%,1472.2299,0.0475,28267,135685
natural,512,-,2,%u%c%,748.1954,0.0343,30934,95774
natural,1024,-,0,%st%bol%,169.3510,0.0192,34318,1458
natural,1024,-,0,%w ex%,150.8493,0.0157,28968,25
natural,1024,-,0,%rts%o%,344.8939,0.0186,35071,1525
natural,1024,-,0,%ve%n,334.3307,0.0186,33503,2403
natural,1024,-,0,%al,618.4066,0.0165,32073,3285
natural,1024,-,0,%ar%e. do%g%,140.5214,0.0213,38908,7
natural,1024,-,0,%ans x-r%the q%,138.6048,0.0186,32178,0
natural,1024,-,0,%a%kl%lar re%,153.2223,0.0229,42640,52
natural,1024,-,0,%se c%,150.4651,0.0160,28085,1107
natural,1024,-,1,%li%,375.8434,0.0231,25489,46737
natural,1024,-,1,%c%o%t%,978.0057,0.0359,35301,67936
natural,1024,-,1,%ic %ea%,170.3706,0.0189,32212,3054
natural,1024,-,1,% t% %,802.3118,0.0334,32455,74189
natural,1024,-,1,%y%s%e%,995.8202,0.0357,35267,66857
natural,1024,-,1,%.%i%,764.4649,0.0333,31827,71890
natural,1024,-,1,%s%. % b%,404.0455,0.0212,36065,7931
natural,1024,-,1,% ir%ic%,362.0331,0.0220,32494,27650
natural,1024,-,1,%ng %d%s%,211.3213,0.0214,39070,5127
natural,1024,-,1,%ll%y%,484.3962,0.0244,28935,39629
natural,1024,-,2,%t% %a%,1480.8805,0.0473,28248,136104
natural,1024,-,2,%e%d%,745.2759,0.0338,31019,90648
natural,1024,-,2,%l%t%e%,1023.6927,0.0377,35701,113762
natural,1024,-,2,%n%c%,755.2507,0.0349,31064,104120
natural,1024,-,2,%s%e%l%,1505.0687,0.0352,28139,127555
natural,1024,-,2,%n%t%,994.7899,0.0451,25097,138429
natural,1024,-,2,%o%n%,1000.9998,0.0452,25001,135422
natural,1024,-,2,%u%i%o%,997.4332,0.0366,35158,84361
natural,1024,-,2,%u% %e%,1470.3263,0.0476,28267,135685
natural,1024,-,2,%u%c%,748.7432,0.0342,30966,95774
